-- insert initial test data
-- the IDs are hardcoded to enable references between further test data
-- negative IDs are used to not interfere with user-entered data and allow clean deletion of test data

-- SELECT * FROM HORSE;

DELETE FROM TOURNAMENT_TREE WHERE id < 0;
DELETE FROM TOURNAMENT_PARTICIPANT WHERE id < 0;
DELETE FROM tournament WHERE id < 0;
DELETE FROM horse WHERE id < 0;
DELETE FROM breed WHERE id < 0;

INSERT INTO breed (id, name)
VALUES
    (-1, 'Andalusian'),
    (-2, 'Appaloosa'),
    (-3, 'Arabian'),
    (-4, 'Belgian Draft'),
    (-5, 'Connemara Pony'),
    (-6, 'Dartmoor Pony'),
    (-7, 'Friesian'),
    (-8, 'Haflinger'),
    (-9, 'Hanoverian'),
    (-10, 'Icelandic Horse'),
    (-11, 'Lipizzaner'),
    (-12, 'Oldenburg'),
    (-13, 'Paint Horse'),
    (-14, 'Quarter Horse'),
    (-15, 'Shetland Pony'),
    (-16, 'Tinker'),
    (-17, 'Trakehner'),
    (-18, 'Warmblood'),
    (-19, 'Welsh Cob'),
    (-20, 'Welsh Pony');

-- Füge Pferdedaten hinzu
INSERT INTO horse (id, name, sex, date_of_birth, height, weight, breed_id)
VALUES
    (-1, 'Wendy', 'FEMALE', '2019-08-05', 1.40, 380, -15),
    (-2, 'Hugo', 'MALE', '2020-02-20', 1.20, 320, -20),
    (-3, 'Bella', 'FEMALE', '2005-04-08', 1.45, 550, -1),
    (-4, 'Thunder', 'MALE', '2008-07-15', 1.60, 600, -2),
    (-5, 'Luna', 'FEMALE', '2012-11-22', 1.65, 650, -3),
    (-6, 'Apollo', 'MALE', '2003-09-03', 1.52, 500, -4),
    (-7, 'Sophie', 'FEMALE', '2010-06-18', 1.70, 700, -5),
    (-8, 'Max', 'MALE', '2006-03-27', 1.55, 580, -6),
    (-9, 'Bella', 'FEMALE', '2002-08-09', 1.48, 520, -7),
    (-10, 'Rocky', 'MALE', '2013-05-05', 1.55, 620, -8),
    (-11, 'Daisy', 'FEMALE', '2007-02-12', 1.30, 350, -9),
    (-12, 'Charlie', 'MALE', '2011-09-21', 1.68, 680, -10),
    (-13, 'Ruby', 'FEMALE', '2004-07-30', 1.10, 280, -11),
    (-14, 'Duke', 'MALE', '2009-03-14', 1.75, 800, -12),
    (-15, 'Rosie', 'FEMALE', '2001-12-08', 1.57, 590, -13),
    (-16, 'Jack', 'MALE', '2014-10-25', 1.52, 560, -14),
    (-17, 'Lilly', 'FEMALE', '2008-06-03', 1.40, 400, -15),
    (-18, 'Sam', 'MALE', '2010-01-17', 1.65, 650, -16),
    (-19, 'Misty', 'FEMALE', '2005-11-09', 1.25, 320, -17),
    (-20, 'Max', 'MALE', '2012-08-29', 1.72, 670, -18),
    (-21, 'Bella', 'FEMALE', '2003-07-06', 1.50, 580, -19),
    (-22, 'Rocky', 'MALE', '2007-04-12', 1.40, 450, -1),
    (-23, 'Misty', 'FEMALE', '2015-03-12', 1.32, 360, -7),
    (-24, 'Rocky', 'MALE', '2018-08-19', 1.42, 480, -6),
    (-25, 'Lucky', 'MALE', '2019-05-25', 1.58, 620, -5),
    (-26, 'Daisy', 'FEMALE', '2017-12-01', 1.28, 340, -9),
    (-27, 'Buddy', 'MALE', '2016-09-14', 1.68, 700, -10),
    (-28, 'Molly', 'FEMALE', '2014-04-03', 1.55, 580, -13),
    (-29, 'Cody', 'MALE', '2019-11-30', 1.45, 550, -2),
    (-30, 'Rosie', 'FEMALE', '2016-06-28', 1.52, 520, -14),
    (-31, 'Leo', 'MALE', '2017-03-05', 1.70, 720, -8),
    (-32, 'Luna', 'FEMALE', '2018-10-10', 1.62, 670, -19);

-- Generate Tournament test data
INSERT INTO tournament (id, name, start_date, end_date) VALUES
    (-1, 'Tournament Yoinky', '2014-12-15', '2014-12-20'),
    (-2, 'Tournament Kadoodle', '2014-11-10', '2014-11-15'),
    (-3, 'Tournament Yeehaw', '2021-01-20', '2021-01-25'),
    (-4, 'Tournament Four', '2021-02-15', '2021-02-20'),
    (-5, 'Tournament Foive', '2021-03-10', '2021-03-15');

-- generate 10 tournament insert statements

INSERT INTO PUBLIC.TOURNAMENT_PARTICIPANT (ID, TOURNAMENT_ID, HORSE_ID, ENTRY_NUMBER, ROUND_REACHED) VALUES (-11, -1, -21, 0, 3);
INSERT INTO PUBLIC.TOURNAMENT_PARTICIPANT (ID, TOURNAMENT_ID, HORSE_ID, ENTRY_NUMBER, ROUND_REACHED) VALUES (-12, -1, -26, 1, 1);
INSERT INTO PUBLIC.TOURNAMENT_PARTICIPANT (ID, TOURNAMENT_ID, HORSE_ID, ENTRY_NUMBER, ROUND_REACHED) VALUES (-13, -1, -32, 2, 1);
INSERT INTO PUBLIC.TOURNAMENT_PARTICIPANT (ID, TOURNAMENT_ID, HORSE_ID, ENTRY_NUMBER, ROUND_REACHED) VALUES (-14, -1, -20, 3, 2);
INSERT INTO PUBLIC.TOURNAMENT_PARTICIPANT (ID, TOURNAMENT_ID, HORSE_ID, ENTRY_NUMBER, ROUND_REACHED) VALUES (-15, -1, -18, 4, 0);
INSERT INTO PUBLIC.TOURNAMENT_PARTICIPANT (ID, TOURNAMENT_ID, HORSE_ID, ENTRY_NUMBER, ROUND_REACHED) VALUES (-16, -1, -27, 5, 0);
INSERT INTO PUBLIC.TOURNAMENT_PARTICIPANT (ID, TOURNAMENT_ID, HORSE_ID, ENTRY_NUMBER, ROUND_REACHED) VALUES (-17, -1, -29, 6, 0);
INSERT INTO PUBLIC.TOURNAMENT_PARTICIPANT (ID, TOURNAMENT_ID, HORSE_ID, ENTRY_NUMBER, ROUND_REACHED) VALUES (-18, -1, -25, 7, 0);

INSERT INTO PUBLIC.TOURNAMENT_PARTICIPANT (ID, TOURNAMENT_ID, HORSE_ID, ENTRY_NUMBER, ROUND_REACHED) VALUES (-21, -2, -21, 0, 3);
INSERT INTO PUBLIC.TOURNAMENT_PARTICIPANT (ID, TOURNAMENT_ID, HORSE_ID, ENTRY_NUMBER, ROUND_REACHED) VALUES (-22, -2, -26, 1, 1);
INSERT INTO PUBLIC.TOURNAMENT_PARTICIPANT (ID, TOURNAMENT_ID, HORSE_ID, ENTRY_NUMBER, ROUND_REACHED) VALUES (-23, -2, -32, 2, 1);
INSERT INTO PUBLIC.TOURNAMENT_PARTICIPANT (ID, TOURNAMENT_ID, HORSE_ID, ENTRY_NUMBER, ROUND_REACHED) VALUES (-24, -2, -20, 3, 2);
INSERT INTO PUBLIC.TOURNAMENT_PARTICIPANT (ID, TOURNAMENT_ID, HORSE_ID, ENTRY_NUMBER, ROUND_REACHED) VALUES (-25, -2, -18, 4, 0);
INSERT INTO PUBLIC.TOURNAMENT_PARTICIPANT (ID, TOURNAMENT_ID, HORSE_ID, ENTRY_NUMBER, ROUND_REACHED) VALUES (-26, -2, -27, 5, 0);
INSERT INTO PUBLIC.TOURNAMENT_PARTICIPANT (ID, TOURNAMENT_ID, HORSE_ID, ENTRY_NUMBER, ROUND_REACHED) VALUES (-27, -2, -29, 6, 0);
INSERT INTO PUBLIC.TOURNAMENT_PARTICIPANT (ID, TOURNAMENT_ID, HORSE_ID, ENTRY_NUMBER, ROUND_REACHED) VALUES (-28, -2, -25, 7, 0);

INSERT INTO PUBLIC.TOURNAMENT_PARTICIPANT (ID, TOURNAMENT_ID, HORSE_ID, ENTRY_NUMBER, ROUND_REACHED) VALUES (-31, -3, -21, 0, 3);
INSERT INTO PUBLIC.TOURNAMENT_PARTICIPANT (ID, TOURNAMENT_ID, HORSE_ID, ENTRY_NUMBER, ROUND_REACHED) VALUES (-32, -3, -26, 1, 1);
INSERT INTO PUBLIC.TOURNAMENT_PARTICIPANT (ID, TOURNAMENT_ID, HORSE_ID, ENTRY_NUMBER, ROUND_REACHED) VALUES (-33, -3, -32, 2, 1);
INSERT INTO PUBLIC.TOURNAMENT_PARTICIPANT (ID, TOURNAMENT_ID, HORSE_ID, ENTRY_NUMBER, ROUND_REACHED) VALUES (-34, -3, -20, 3, 2);
INSERT INTO PUBLIC.TOURNAMENT_PARTICIPANT (ID, TOURNAMENT_ID, HORSE_ID, ENTRY_NUMBER, ROUND_REACHED) VALUES (-35, -3, -18, 4, 0);
INSERT INTO PUBLIC.TOURNAMENT_PARTICIPANT (ID, TOURNAMENT_ID, HORSE_ID, ENTRY_NUMBER, ROUND_REACHED) VALUES (-36, -3, -27, 5, 0);
INSERT INTO PUBLIC.TOURNAMENT_PARTICIPANT (ID, TOURNAMENT_ID, HORSE_ID, ENTRY_NUMBER, ROUND_REACHED) VALUES (-37, -3, -29, 6, 0);
INSERT INTO PUBLIC.TOURNAMENT_PARTICIPANT (ID, TOURNAMENT_ID, HORSE_ID, ENTRY_NUMBER, ROUND_REACHED) VALUES (-38, -3, -25, 7, 0);

INSERT INTO PUBLIC.TOURNAMENT_PARTICIPANT (ID, TOURNAMENT_ID, HORSE_ID, ENTRY_NUMBER, ROUND_REACHED) VALUES (-41, -4, -21, 0, 3);
INSERT INTO PUBLIC.TOURNAMENT_PARTICIPANT (ID, TOURNAMENT_ID, HORSE_ID, ENTRY_NUMBER, ROUND_REACHED) VALUES (-42, -4, -26, 1, 1);
INSERT INTO PUBLIC.TOURNAMENT_PARTICIPANT (ID, TOURNAMENT_ID, HORSE_ID, ENTRY_NUMBER, ROUND_REACHED) VALUES (-43, -4, -32, 2, 1);
INSERT INTO PUBLIC.TOURNAMENT_PARTICIPANT (ID, TOURNAMENT_ID, HORSE_ID, ENTRY_NUMBER, ROUND_REACHED) VALUES (-44, -4, -20, 3, 2);
INSERT INTO PUBLIC.TOURNAMENT_PARTICIPANT (ID, TOURNAMENT_ID, HORSE_ID, ENTRY_NUMBER, ROUND_REACHED) VALUES (-45, -4, -18, 4, 0);
INSERT INTO PUBLIC.TOURNAMENT_PARTICIPANT (ID, TOURNAMENT_ID, HORSE_ID, ENTRY_NUMBER, ROUND_REACHED) VALUES (-46, -4, -27, 5, 0);
INSERT INTO PUBLIC.TOURNAMENT_PARTICIPANT (ID, TOURNAMENT_ID, HORSE_ID, ENTRY_NUMBER, ROUND_REACHED) VALUES (-47, -4, -29, 6, 0);
INSERT INTO PUBLIC.TOURNAMENT_PARTICIPANT (ID, TOURNAMENT_ID, HORSE_ID, ENTRY_NUMBER, ROUND_REACHED) VALUES (-48, -4, -25, 7, 0);

INSERT INTO PUBLIC.TOURNAMENT_PARTICIPANT (ID, TOURNAMENT_ID, HORSE_ID, ENTRY_NUMBER, ROUND_REACHED) VALUES (-51, -5, -21, 0, 3);
INSERT INTO PUBLIC.TOURNAMENT_PARTICIPANT (ID, TOURNAMENT_ID, HORSE_ID, ENTRY_NUMBER, ROUND_REACHED) VALUES (-52, -5, -26, 1, 1);
INSERT INTO PUBLIC.TOURNAMENT_PARTICIPANT (ID, TOURNAMENT_ID, HORSE_ID, ENTRY_NUMBER, ROUND_REACHED) VALUES (-53, -5, -32, 2, 1);
INSERT INTO PUBLIC.TOURNAMENT_PARTICIPANT (ID, TOURNAMENT_ID, HORSE_ID, ENTRY_NUMBER, ROUND_REACHED) VALUES (-54, -5, -20, 3, 2);
INSERT INTO PUBLIC.TOURNAMENT_PARTICIPANT (ID, TOURNAMENT_ID, HORSE_ID, ENTRY_NUMBER, ROUND_REACHED) VALUES (-55, -5, -18, 4, 0);
INSERT INTO PUBLIC.TOURNAMENT_PARTICIPANT (ID, TOURNAMENT_ID, HORSE_ID, ENTRY_NUMBER, ROUND_REACHED) VALUES (-56, -5, -27, 5, 0);
INSERT INTO PUBLIC.TOURNAMENT_PARTICIPANT (ID, TOURNAMENT_ID, HORSE_ID, ENTRY_NUMBER, ROUND_REACHED) VALUES (-57, -5, -29, 6, 0);
INSERT INTO PUBLIC.TOURNAMENT_PARTICIPANT (ID, TOURNAMENT_ID, HORSE_ID, ENTRY_NUMBER, ROUND_REACHED) VALUES (-58, -5, -25, 7, 0);


INSERT INTO PUBLIC.TOURNAMENT_TREE (ID, TOURNAMENT_ID, PARTICIPANT_ID, PARENT_ID, BRANCH_POSITION, FIRST_ROUND_INDEX) VALUES (-101,  -1, -11, null, 'FINAL_WINNER', null);
INSERT INTO PUBLIC.TOURNAMENT_TREE (ID, TOURNAMENT_ID, PARTICIPANT_ID, PARENT_ID, BRANCH_POSITION, FIRST_ROUND_INDEX) VALUES (-102,  -1, -11, -101, 'UPPER', null);
INSERT INTO PUBLIC.TOURNAMENT_TREE (ID, TOURNAMENT_ID, PARTICIPANT_ID, PARENT_ID, BRANCH_POSITION, FIRST_ROUND_INDEX) VALUES (-103,  -1, -11, -102, 'UPPER', null);
INSERT INTO PUBLIC.TOURNAMENT_TREE (ID, TOURNAMENT_ID, PARTICIPANT_ID, PARENT_ID, BRANCH_POSITION, FIRST_ROUND_INDEX) VALUES (-104,  -1, -11, -103, 'UPPER', 0);
INSERT INTO PUBLIC.TOURNAMENT_TREE (ID, TOURNAMENT_ID, PARTICIPANT_ID, PARENT_ID, BRANCH_POSITION, FIRST_ROUND_INDEX) VALUES (-105,  -1, -18, -103, 'LOWER', 1);
INSERT INTO PUBLIC.TOURNAMENT_TREE (ID, TOURNAMENT_ID, PARTICIPANT_ID, PARENT_ID, BRANCH_POSITION, FIRST_ROUND_INDEX) VALUES (-106,  -1, -12, -102, 'LOWER', null);
INSERT INTO PUBLIC.TOURNAMENT_TREE (ID, TOURNAMENT_ID, PARTICIPANT_ID, PARENT_ID, BRANCH_POSITION, FIRST_ROUND_INDEX) VALUES (-107,  -1, -12, -106, 'UPPER', 2);
INSERT INTO PUBLIC.TOURNAMENT_TREE (ID, TOURNAMENT_ID, PARTICIPANT_ID, PARENT_ID, BRANCH_POSITION, FIRST_ROUND_INDEX) VALUES (-108,  -1, -17, -106, 'LOWER', 3);
INSERT INTO PUBLIC.TOURNAMENT_TREE (ID, TOURNAMENT_ID, PARTICIPANT_ID, PARENT_ID, BRANCH_POSITION, FIRST_ROUND_INDEX) VALUES (-109,  -1, -14, -101, 'LOWER', null);
INSERT INTO PUBLIC.TOURNAMENT_TREE (ID, TOURNAMENT_ID, PARTICIPANT_ID, PARENT_ID, BRANCH_POSITION, FIRST_ROUND_INDEX) VALUES (-1010, -1, -13, -109, 'UPPER', null);
INSERT INTO PUBLIC.TOURNAMENT_TREE (ID, TOURNAMENT_ID, PARTICIPANT_ID, PARENT_ID, BRANCH_POSITION, FIRST_ROUND_INDEX) VALUES (-1011, -1, -13, -1010, 'UPPER', 4);
INSERT INTO PUBLIC.TOURNAMENT_TREE (ID, TOURNAMENT_ID, PARTICIPANT_ID, PARENT_ID, BRANCH_POSITION, FIRST_ROUND_INDEX) VALUES (-1012, -1, -16, -1010, 'LOWER', 5);
INSERT INTO PUBLIC.TOURNAMENT_TREE (ID, TOURNAMENT_ID, PARTICIPANT_ID, PARENT_ID, BRANCH_POSITION, FIRST_ROUND_INDEX) VALUES (-1013, -1, -14, -109, 'LOWER', null);
INSERT INTO PUBLIC.TOURNAMENT_TREE (ID, TOURNAMENT_ID, PARTICIPANT_ID, PARENT_ID, BRANCH_POSITION, FIRST_ROUND_INDEX) VALUES (-1014, -1, -14, -1013, 'UPPER', 6);
INSERT INTO PUBLIC.TOURNAMENT_TREE (ID, TOURNAMENT_ID, PARTICIPANT_ID, PARENT_ID, BRANCH_POSITION, FIRST_ROUND_INDEX) VALUES (-1015, -1, -15, -1013, 'LOWER', 7);

INSERT INTO PUBLIC.TOURNAMENT_TREE (ID, TOURNAMENT_ID, PARTICIPANT_ID, PARENT_ID, BRANCH_POSITION, FIRST_ROUND_INDEX) VALUES (-201,  -2, -21, null, 'FINAL_WINNER', null);
INSERT INTO PUBLIC.TOURNAMENT_TREE (ID, TOURNAMENT_ID, PARTICIPANT_ID, PARENT_ID, BRANCH_POSITION, FIRST_ROUND_INDEX) VALUES (-202,  -2, -21, -201, 'UPPER', null);
INSERT INTO PUBLIC.TOURNAMENT_TREE (ID, TOURNAMENT_ID, PARTICIPANT_ID, PARENT_ID, BRANCH_POSITION, FIRST_ROUND_INDEX) VALUES (-203,  -2, -21, -202, 'UPPER', null);
INSERT INTO PUBLIC.TOURNAMENT_TREE (ID, TOURNAMENT_ID, PARTICIPANT_ID, PARENT_ID, BRANCH_POSITION, FIRST_ROUND_INDEX) VALUES (-204,  -2, -21, -203, 'UPPER', 0);
INSERT INTO PUBLIC.TOURNAMENT_TREE (ID, TOURNAMENT_ID, PARTICIPANT_ID, PARENT_ID, BRANCH_POSITION, FIRST_ROUND_INDEX) VALUES (-205,  -2, -28, -203, 'LOWER', 1);
INSERT INTO PUBLIC.TOURNAMENT_TREE (ID, TOURNAMENT_ID, PARTICIPANT_ID, PARENT_ID, BRANCH_POSITION, FIRST_ROUND_INDEX) VALUES (-206,  -2, -22, -202, 'LOWER', null);
INSERT INTO PUBLIC.TOURNAMENT_TREE (ID, TOURNAMENT_ID, PARTICIPANT_ID, PARENT_ID, BRANCH_POSITION, FIRST_ROUND_INDEX) VALUES (-207,  -2, -22, -206, 'UPPER', 2);
INSERT INTO PUBLIC.TOURNAMENT_TREE (ID, TOURNAMENT_ID, PARTICIPANT_ID, PARENT_ID, BRANCH_POSITION, FIRST_ROUND_INDEX) VALUES (-208,  -2, -27, -206, 'LOWER', 3);
INSERT INTO PUBLIC.TOURNAMENT_TREE (ID, TOURNAMENT_ID, PARTICIPANT_ID, PARENT_ID, BRANCH_POSITION, FIRST_ROUND_INDEX) VALUES (-209,  -2, -24, -201, 'LOWER', null);
INSERT INTO PUBLIC.TOURNAMENT_TREE (ID, TOURNAMENT_ID, PARTICIPANT_ID, PARENT_ID, BRANCH_POSITION, FIRST_ROUND_INDEX) VALUES (-2010, -2, -23, -209, 'UPPER', null);
INSERT INTO PUBLIC.TOURNAMENT_TREE (ID, TOURNAMENT_ID, PARTICIPANT_ID, PARENT_ID, BRANCH_POSITION, FIRST_ROUND_INDEX) VALUES (-2011, -2, -23, -2010, 'UPPER', 4);
INSERT INTO PUBLIC.TOURNAMENT_TREE (ID, TOURNAMENT_ID, PARTICIPANT_ID, PARENT_ID, BRANCH_POSITION, FIRST_ROUND_INDEX) VALUES (-2012, -2, -26, -2010, 'LOWER', 5);
INSERT INTO PUBLIC.TOURNAMENT_TREE (ID, TOURNAMENT_ID, PARTICIPANT_ID, PARENT_ID, BRANCH_POSITION, FIRST_ROUND_INDEX) VALUES (-2013, -2, -24, -209, 'LOWER', null);
INSERT INTO PUBLIC.TOURNAMENT_TREE (ID, TOURNAMENT_ID, PARTICIPANT_ID, PARENT_ID, BRANCH_POSITION, FIRST_ROUND_INDEX) VALUES (-2014, -2, -24, -2013, 'UPPER', 6);
INSERT INTO PUBLIC.TOURNAMENT_TREE (ID, TOURNAMENT_ID, PARTICIPANT_ID, PARENT_ID, BRANCH_POSITION, FIRST_ROUND_INDEX) VALUES (-2015, -2, -25, -2013, 'LOWER', 7);

INSERT INTO PUBLIC.TOURNAMENT_TREE (ID, TOURNAMENT_ID, PARTICIPANT_ID, PARENT_ID, BRANCH_POSITION, FIRST_ROUND_INDEX) VALUES (-301,  -3, -31, null, 'FINAL_WINNER', null);
INSERT INTO PUBLIC.TOURNAMENT_TREE (ID, TOURNAMENT_ID, PARTICIPANT_ID, PARENT_ID, BRANCH_POSITION, FIRST_ROUND_INDEX) VALUES (-302,  -3, -31, -301, 'UPPER', null);
INSERT INTO PUBLIC.TOURNAMENT_TREE (ID, TOURNAMENT_ID, PARTICIPANT_ID, PARENT_ID, BRANCH_POSITION, FIRST_ROUND_INDEX) VALUES (-303,  -3, -31, -302, 'UPPER', null);
INSERT INTO PUBLIC.TOURNAMENT_TREE (ID, TOURNAMENT_ID, PARTICIPANT_ID, PARENT_ID, BRANCH_POSITION, FIRST_ROUND_INDEX) VALUES (-304,  -3, -31, -303, 'UPPER', 0);
INSERT INTO PUBLIC.TOURNAMENT_TREE (ID, TOURNAMENT_ID, PARTICIPANT_ID, PARENT_ID, BRANCH_POSITION, FIRST_ROUND_INDEX) VALUES (-305,  -3, -38, -303, 'LOWER', 1);
INSERT INTO PUBLIC.TOURNAMENT_TREE (ID, TOURNAMENT_ID, PARTICIPANT_ID, PARENT_ID, BRANCH_POSITION, FIRST_ROUND_INDEX) VALUES (-306,  -3, -32, -302, 'LOWER', null);
INSERT INTO PUBLIC.TOURNAMENT_TREE (ID, TOURNAMENT_ID, PARTICIPANT_ID, PARENT_ID, BRANCH_POSITION, FIRST_ROUND_INDEX) VALUES (-307,  -3, -32, -306, 'UPPER', 2);
INSERT INTO PUBLIC.TOURNAMENT_TREE (ID, TOURNAMENT_ID, PARTICIPANT_ID, PARENT_ID, BRANCH_POSITION, FIRST_ROUND_INDEX) VALUES (-308,  -3, -37, -306, 'LOWER', 3);
INSERT INTO PUBLIC.TOURNAMENT_TREE (ID, TOURNAMENT_ID, PARTICIPANT_ID, PARENT_ID, BRANCH_POSITION, FIRST_ROUND_INDEX) VALUES (-309,  -3, -34, -301, 'LOWER', null);
INSERT INTO PUBLIC.TOURNAMENT_TREE (ID, TOURNAMENT_ID, PARTICIPANT_ID, PARENT_ID, BRANCH_POSITION, FIRST_ROUND_INDEX) VALUES (-3010, -3, -33, -309, 'UPPER', null);
INSERT INTO PUBLIC.TOURNAMENT_TREE (ID, TOURNAMENT_ID, PARTICIPANT_ID, PARENT_ID, BRANCH_POSITION, FIRST_ROUND_INDEX) VALUES (-3011, -3, -33, -3010, 'UPPER', 4);
INSERT INTO PUBLIC.TOURNAMENT_TREE (ID, TOURNAMENT_ID, PARTICIPANT_ID, PARENT_ID, BRANCH_POSITION, FIRST_ROUND_INDEX) VALUES (-3012, -3, -36, -3010, 'LOWER', 5);
INSERT INTO PUBLIC.TOURNAMENT_TREE (ID, TOURNAMENT_ID, PARTICIPANT_ID, PARENT_ID, BRANCH_POSITION, FIRST_ROUND_INDEX) VALUES (-3013, -3, -34, -309, 'LOWER', null);
INSERT INTO PUBLIC.TOURNAMENT_TREE (ID, TOURNAMENT_ID, PARTICIPANT_ID, PARENT_ID, BRANCH_POSITION, FIRST_ROUND_INDEX) VALUES (-3014, -3, -34, -3013, 'UPPER', 6);
INSERT INTO PUBLIC.TOURNAMENT_TREE (ID, TOURNAMENT_ID, PARTICIPANT_ID, PARENT_ID, BRANCH_POSITION, FIRST_ROUND_INDEX) VALUES (-3015, -3, -35, -3013, 'LOWER', 7);

INSERT INTO PUBLIC.TOURNAMENT_TREE (ID, TOURNAMENT_ID, PARTICIPANT_ID, PARENT_ID, BRANCH_POSITION, FIRST_ROUND_INDEX) VALUES (-401,  -4, -41, null, 'FINAL_WINNER', null);
INSERT INTO PUBLIC.TOURNAMENT_TREE (ID, TOURNAMENT_ID, PARTICIPANT_ID, PARENT_ID, BRANCH_POSITION, FIRST_ROUND_INDEX) VALUES (-402,  -4, -41, -401, 'UPPER', null);
INSERT INTO PUBLIC.TOURNAMENT_TREE (ID, TOURNAMENT_ID, PARTICIPANT_ID, PARENT_ID, BRANCH_POSITION, FIRST_ROUND_INDEX) VALUES (-403,  -4, -41, -402, 'UPPER', null);
INSERT INTO PUBLIC.TOURNAMENT_TREE (ID, TOURNAMENT_ID, PARTICIPANT_ID, PARENT_ID, BRANCH_POSITION, FIRST_ROUND_INDEX) VALUES (-404,  -4, -41, -403, 'UPPER', 0);
INSERT INTO PUBLIC.TOURNAMENT_TREE (ID, TOURNAMENT_ID, PARTICIPANT_ID, PARENT_ID, BRANCH_POSITION, FIRST_ROUND_INDEX) VALUES (-405,  -4, -48, -403, 'LOWER', 1);
INSERT INTO PUBLIC.TOURNAMENT_TREE (ID, TOURNAMENT_ID, PARTICIPANT_ID, PARENT_ID, BRANCH_POSITION, FIRST_ROUND_INDEX) VALUES (-406,  -4, -42, -402, 'LOWER', null);
INSERT INTO PUBLIC.TOURNAMENT_TREE (ID, TOURNAMENT_ID, PARTICIPANT_ID, PARENT_ID, BRANCH_POSITION, FIRST_ROUND_INDEX) VALUES (-407,  -4, -42, -406, 'UPPER', 2);
INSERT INTO PUBLIC.TOURNAMENT_TREE (ID, TOURNAMENT_ID, PARTICIPANT_ID, PARENT_ID, BRANCH_POSITION, FIRST_ROUND_INDEX) VALUES (-408,  -4, -47, -406, 'LOWER', 3);
INSERT INTO PUBLIC.TOURNAMENT_TREE (ID, TOURNAMENT_ID, PARTICIPANT_ID, PARENT_ID, BRANCH_POSITION, FIRST_ROUND_INDEX) VALUES (-409,  -4, -44, -401, 'LOWER', null);
INSERT INTO PUBLIC.TOURNAMENT_TREE (ID, TOURNAMENT_ID, PARTICIPANT_ID, PARENT_ID, BRANCH_POSITION, FIRST_ROUND_INDEX) VALUES (-4010, -4, -43, -409, 'UPPER', null);
INSERT INTO PUBLIC.TOURNAMENT_TREE (ID, TOURNAMENT_ID, PARTICIPANT_ID, PARENT_ID, BRANCH_POSITION, FIRST_ROUND_INDEX) VALUES (-4011, -4, -43, -4010, 'UPPER', 4);
INSERT INTO PUBLIC.TOURNAMENT_TREE (ID, TOURNAMENT_ID, PARTICIPANT_ID, PARENT_ID, BRANCH_POSITION, FIRST_ROUND_INDEX) VALUES (-4012, -4, -46, -4010, 'LOWER', 5);
INSERT INTO PUBLIC.TOURNAMENT_TREE (ID, TOURNAMENT_ID, PARTICIPANT_ID, PARENT_ID, BRANCH_POSITION, FIRST_ROUND_INDEX) VALUES (-4013, -4, -44, -409, 'LOWER', null);
INSERT INTO PUBLIC.TOURNAMENT_TREE (ID, TOURNAMENT_ID, PARTICIPANT_ID, PARENT_ID, BRANCH_POSITION, FIRST_ROUND_INDEX) VALUES (-4014, -4, -44, -4013, 'UPPER', 6);
INSERT INTO PUBLIC.TOURNAMENT_TREE (ID, TOURNAMENT_ID, PARTICIPANT_ID, PARENT_ID, BRANCH_POSITION, FIRST_ROUND_INDEX) VALUES (-4015, -4, -45, -4013, 'LOWER', 7);

INSERT INTO PUBLIC.TOURNAMENT_TREE (ID, TOURNAMENT_ID, PARTICIPANT_ID, PARENT_ID, BRANCH_POSITION, FIRST_ROUND_INDEX) VALUES (-501,  -5, -51, null, 'FINAL_WINNER', null);
INSERT INTO PUBLIC.TOURNAMENT_TREE (ID, TOURNAMENT_ID, PARTICIPANT_ID, PARENT_ID, BRANCH_POSITION, FIRST_ROUND_INDEX) VALUES (-502,  -5, -51, -501, 'UPPER', null);
INSERT INTO PUBLIC.TOURNAMENT_TREE (ID, TOURNAMENT_ID, PARTICIPANT_ID, PARENT_ID, BRANCH_POSITION, FIRST_ROUND_INDEX) VALUES (-503,  -5, -51, -502, 'UPPER', null);
INSERT INTO PUBLIC.TOURNAMENT_TREE (ID, TOURNAMENT_ID, PARTICIPANT_ID, PARENT_ID, BRANCH_POSITION, FIRST_ROUND_INDEX) VALUES (-504,  -5, -51, -503, 'UPPER', 0);
INSERT INTO PUBLIC.TOURNAMENT_TREE (ID, TOURNAMENT_ID, PARTICIPANT_ID, PARENT_ID, BRANCH_POSITION, FIRST_ROUND_INDEX) VALUES (-505,  -5, -58, -503, 'LOWER', 1);
INSERT INTO PUBLIC.TOURNAMENT_TREE (ID, TOURNAMENT_ID, PARTICIPANT_ID, PARENT_ID, BRANCH_POSITION, FIRST_ROUND_INDEX) VALUES (-506,  -5, -52, -502, 'LOWER', null);
INSERT INTO PUBLIC.TOURNAMENT_TREE (ID, TOURNAMENT_ID, PARTICIPANT_ID, PARENT_ID, BRANCH_POSITION, FIRST_ROUND_INDEX) VALUES (-507,  -5, -52, -506, 'UPPER', 2);
INSERT INTO PUBLIC.TOURNAMENT_TREE (ID, TOURNAMENT_ID, PARTICIPANT_ID, PARENT_ID, BRANCH_POSITION, FIRST_ROUND_INDEX) VALUES (-508,  -5, -57, -506, 'LOWER', 3);
INSERT INTO PUBLIC.TOURNAMENT_TREE (ID, TOURNAMENT_ID, PARTICIPANT_ID, PARENT_ID, BRANCH_POSITION, FIRST_ROUND_INDEX) VALUES (-509,  -5, -54, -501, 'LOWER', null);
INSERT INTO PUBLIC.TOURNAMENT_TREE (ID, TOURNAMENT_ID, PARTICIPANT_ID, PARENT_ID, BRANCH_POSITION, FIRST_ROUND_INDEX) VALUES (-5010, -5, -53, -509, 'UPPER', null);
INSERT INTO PUBLIC.TOURNAMENT_TREE (ID, TOURNAMENT_ID, PARTICIPANT_ID, PARENT_ID, BRANCH_POSITION, FIRST_ROUND_INDEX) VALUES (-5011, -5, -53, -5010, 'UPPER', 4);
INSERT INTO PUBLIC.TOURNAMENT_TREE (ID, TOURNAMENT_ID, PARTICIPANT_ID, PARENT_ID, BRANCH_POSITION, FIRST_ROUND_INDEX) VALUES (-5012, -5, -56, -5010, 'LOWER', 5);
INSERT INTO PUBLIC.TOURNAMENT_TREE (ID, TOURNAMENT_ID, PARTICIPANT_ID, PARENT_ID, BRANCH_POSITION, FIRST_ROUND_INDEX) VALUES (-5013, -5, -54, -509, 'LOWER', null);
INSERT INTO PUBLIC.TOURNAMENT_TREE (ID, TOURNAMENT_ID, PARTICIPANT_ID, PARENT_ID, BRANCH_POSITION, FIRST_ROUND_INDEX) VALUES (-5014, -5, -54, -5013, 'UPPER', 6);
INSERT INTO PUBLIC.TOURNAMENT_TREE (ID, TOURNAMENT_ID, PARTICIPANT_ID, PARENT_ID, BRANCH_POSITION, FIRST_ROUND_INDEX) VALUES (-5015, -5, -55, -5013, 'LOWER', 7);
